name,trail,numToFirstBug,numBuggy,totalNum
/workdir/PERIOD/evaluation/ConVul-CVE-Benchmarks/CVE-2017-6346,0,5,80,182
/workdir/PERIOD/evaluation/ConVul-CVE-Benchmarks/CVE-2017-6346,1,5,80,182
/workdir/PERIOD/evaluation/ConVul-CVE-Benchmarks/CVE-2017-6346,2,5,80,182
/workdir/PERIOD/evaluation/ConVul-CVE-Benchmarks/CVE-2017-6346,3,5,80,182
/workdir/PERIOD/evaluation/ConVul-CVE-Benchmarks/CVE-2017-6346,4,5,80,182
/workdir/PERIOD/evaluation/ConVul-CVE-Benchmarks/CVE-2017-6346,5,5,80,182
/workdir/PERIOD/evaluation/ConVul-CVE-Benchmarks/CVE-2017-6346,6,5,80,182
/workdir/PERIOD/evaluation/ConVul-CVE-Benchmarks/CVE-2017-6346,7,5,80,182
/workdir/PERIOD/evaluation/ConVul-CVE-Benchmarks/CVE-2017-6346,8,5,80,182
/workdir/PERIOD/evaluation/ConVul-CVE-Benchmarks/CVE-2017-6346,9,5,80,182
/workdir/PERIOD/evaluation/ConVul-CVE-Benchmarks/CVE-2017-6346,10,5,82,182
/workdir/PERIOD/evaluation/ConVul-CVE-Benchmarks/CVE-2017-6346,11,5,80,182
/workdir/PERIOD/evaluation/ConVul-CVE-Benchmarks/CVE-2017-6346,12,5,80,182
/workdir/PERIOD/evaluation/ConVul-CVE-Benchmarks/CVE-2017-6346,13,5,80,182
/workdir/PERIOD/evaluation/ConVul-CVE-Benchmarks/CVE-2017-6346,14,5,80,182
/workdir/PERIOD/evaluation/ConVul-CVE-Benchmarks/CVE-2017-6346,15,5,81,182
/workdir/PERIOD/evaluation/ConVul-CVE-Benchmarks/CVE-2017-6346,16,5,80,182
/workdir/PERIOD/evaluation/ConVul-CVE-Benchmarks/CVE-2017-6346,17,5,80,182
/workdir/PERIOD/evaluation/ConVul-CVE-Benchmarks/CVE-2017-6346,18,5,80,182
/workdir/PERIOD/evaluation/ConVul-CVE-Benchmarks/CVE-2017-6346,19,5,80,182
/workdir/PERIOD/evaluation/ConVul-CVE-Benchmarks/CVE-2016-1973,0,5,3,14
/workdir/PERIOD/evaluation/ConVul-CVE-Benchmarks/CVE-2016-1973,1,6,3,15
/workdir/PERIOD/evaluation/ConVul-CVE-Benchmarks/CVE-2016-1973,2,6,3,15
/workdir/PERIOD/evaluation/ConVul-CVE-Benchmarks/CVE-2016-1973,3,6,3,15
/workdir/PERIOD/evaluation/ConVul-CVE-Benchmarks/CVE-2016-1973,4,6,3,15
/workdir/PERIOD/evaluation/ConVul-CVE-Benchmarks/CVE-2016-1973,5,6,3,15
/workdir/PERIOD/evaluation/ConVul-CVE-Benchmarks/CVE-2016-1973,6,6,3,15
/workdir/PERIOD/evaluation/ConVul-CVE-Benchmarks/CVE-2016-1973,7,6,3,15
/workdir/PERIOD/evaluation/ConVul-CVE-Benchmarks/CVE-2016-1973,8,6,3,15
/workdir/PERIOD/evaluation/ConVul-CVE-Benchmarks/CVE-2016-1973,9,5,3,14
/workdir/PERIOD/evaluation/ConVul-CVE-Benchmarks/CVE-2016-1973,10,6,3,15
/workdir/PERIOD/evaluation/ConVul-CVE-Benchmarks/CVE-2016-1973,11,6,3,15
/workdir/PERIOD/evaluation/ConVul-CVE-Benchmarks/CVE-2016-1973,12,5,3,14
/workdir/PERIOD/evaluation/ConVul-CVE-Benchmarks/CVE-2016-1973,13,6,3,15
/workdir/PERIOD/evaluation/ConVul-CVE-Benchmarks/CVE-2016-1973,14,5,3,14
/workdir/PERIOD/evaluation/ConVul-CVE-Benchmarks/CVE-2016-1973,15,6,3,15
/workdir/PERIOD/evaluation/ConVul-CVE-Benchmarks/CVE-2016-1973,16,5,3,14
/workdir/PERIOD/evaluation/ConVul-CVE-Benchmarks/CVE-2016-1973,17,5,3,14
/workdir/PERIOD/evaluation/ConVul-CVE-Benchmarks/CVE-2016-1973,18,6,3,15
/workdir/PERIOD/evaluation/ConVul-CVE-Benchmarks/CVE-2016-1973,19,6,3,15
/workdir/PERIOD/evaluation/ConVul-CVE-Benchmarks/CVE-2011-2183,0,3,122,238
/workdir/PERIOD/evaluation/ConVul-CVE-Benchmarks/CVE-2011-2183,1,3,122,238
/workdir/PERIOD/evaluation/ConVul-CVE-Benchmarks/CVE-2011-2183,2,3,122,238
/workdir/PERIOD/evaluation/ConVul-CVE-Benchmarks/CVE-2011-2183,3,3,122,238
/workdir/PERIOD/evaluation/ConVul-CVE-Benchmarks/CVE-2011-2183,4,3,122,238
/workdir/PERIOD/evaluation/ConVul-CVE-Benchmarks/CVE-2011-2183,5,3,122,238
/workdir/PERIOD/evaluation/ConVul-CVE-Benchmarks/CVE-2011-2183,6,3,122,238
/workdir/PERIOD/evaluation/ConVul-CVE-Benchmarks/CVE-2011-2183,7,3,122,238
/workdir/PERIOD/evaluation/ConVul-CVE-Benchmarks/CVE-2011-2183,8,3,122,238
/workdir/PERIOD/evaluation/ConVul-CVE-Benchmarks/CVE-2011-2183,9,3,122,238
/workdir/PERIOD/evaluation/ConVul-CVE-Benchmarks/CVE-2011-2183,10,3,122,238
/workdir/PERIOD/evaluation/ConVul-CVE-Benchmarks/CVE-2011-2183,11,3,122,238
/workdir/PERIOD/evaluation/ConVul-CVE-Benchmarks/CVE-2011-2183,12,3,122,238
/workdir/PERIOD/evaluation/ConVul-CVE-Benchmarks/CVE-2011-2183,13,3,122,238
/workdir/PERIOD/evaluation/ConVul-CVE-Benchmarks/CVE-2011-2183,14,3,122,238
/workdir/PERIOD/evaluation/ConVul-CVE-Benchmarks/CVE-2011-2183,15,3,122,238
/workdir/PERIOD/evaluation/ConVul-CVE-Benchmarks/CVE-2011-2183,16,3,122,238
/workdir/PERIOD/evaluation/ConVul-CVE-Benchmarks/CVE-2011-2183,17,3,122,238
/workdir/PERIOD/evaluation/ConVul-CVE-Benchmarks/CVE-2011-2183,18,3,122,238
/workdir/PERIOD/evaluation/ConVul-CVE-Benchmarks/CVE-2011-2183,19,3,122,238
/workdir/PERIOD/evaluation/ConVul-CVE-Benchmarks/CVE-2016-9806,0,6,4,42
/workdir/PERIOD/evaluation/ConVul-CVE-Benchmarks/CVE-2016-9806,1,6,4,42
/workdir/PERIOD/evaluation/ConVul-CVE-Benchmarks/CVE-2016-9806,2,6,4,42
/workdir/PERIOD/evaluation/ConVul-CVE-Benchmarks/CVE-2016-9806,3,6,4,42
/workdir/PERIOD/evaluation/ConVul-CVE-Benchmarks/CVE-2016-9806,4,6,4,42
/workdir/PERIOD/evaluation/ConVul-CVE-Benchmarks/CVE-2016-9806,5,6,4,42
/workdir/PERIOD/evaluation/ConVul-CVE-Benchmarks/CVE-2016-9806,6,6,4,42
/workdir/PERIOD/evaluation/ConVul-CVE-Benchmarks/CVE-2016-9806,7,6,4,42
/workdir/PERIOD/evaluation/ConVul-CVE-Benchmarks/CVE-2016-9806,8,6,4,42
/workdir/PERIOD/evaluation/ConVul-CVE-Benchmarks/CVE-2016-9806,9,6,4,42
/workdir/PERIOD/evaluation/ConVul-CVE-Benchmarks/CVE-2016-9806,10,6,4,42
/workdir/PERIOD/evaluation/ConVul-CVE-Benchmarks/CVE-2016-9806,11,6,4,42
/workdir/PERIOD/evaluation/ConVul-CVE-Benchmarks/CVE-2016-9806,12,6,4,42
/workdir/PERIOD/evaluation/ConVul-CVE-Benchmarks/CVE-2016-9806,13,6,4,42
/workdir/PERIOD/evaluation/ConVul-CVE-Benchmarks/CVE-2016-9806,14,6,4,42
/workdir/PERIOD/evaluation/ConVul-CVE-Benchmarks/CVE-2016-9806,15,6,4,42
/workdir/PERIOD/evaluation/ConVul-CVE-Benchmarks/CVE-2016-9806,16,6,4,42
/workdir/PERIOD/evaluation/ConVul-CVE-Benchmarks/CVE-2016-9806,17,6,4,42
/workdir/PERIOD/evaluation/ConVul-CVE-Benchmarks/CVE-2016-9806,18,6,4,42
/workdir/PERIOD/evaluation/ConVul-CVE-Benchmarks/CVE-2016-9806,19,6,4,42
/workdir/PERIOD/evaluation/ConVul-CVE-Benchmarks/CVE-2013-1792,0,13,1,13
/workdir/PERIOD/evaluation/ConVul-CVE-Benchmarks/CVE-2013-1792,1,13,1,13
/workdir/PERIOD/evaluation/ConVul-CVE-Benchmarks/CVE-2013-1792,2,13,1,13
/workdir/PERIOD/evaluation/ConVul-CVE-Benchmarks/CVE-2013-1792,3,13,1,13
/workdir/PERIOD/evaluation/ConVul-CVE-Benchmarks/CVE-2013-1792,4,13,1,13
/workdir/PERIOD/evaluation/ConVul-CVE-Benchmarks/CVE-2013-1792,5,13,1,13
/workdir/PERIOD/evaluation/ConVul-CVE-Benchmarks/CVE-2013-1792,6,13,1,13
/workdir/PERIOD/evaluation/ConVul-CVE-Benchmarks/CVE-2013-1792,7,13,1,13
/workdir/PERIOD/evaluation/ConVul-CVE-Benchmarks/CVE-2013-1792,8,13,1,13
/workdir/PERIOD/evaluation/ConVul-CVE-Benchmarks/CVE-2013-1792,9,13,1,13
/workdir/PERIOD/evaluation/ConVul-CVE-Benchmarks/CVE-2013-1792,10,13,1,13
/workdir/PERIOD/evaluation/ConVul-CVE-Benchmarks/CVE-2013-1792,11,13,1,13
/workdir/PERIOD/evaluation/ConVul-CVE-Benchmarks/CVE-2013-1792,12,13,1,13
/workdir/PERIOD/evaluation/ConVul-CVE-Benchmarks/CVE-2013-1792,13,13,1,13
/workdir/PERIOD/evaluation/ConVul-CVE-Benchmarks/CVE-2013-1792,14,13,1,13
/workdir/PERIOD/evaluation/ConVul-CVE-Benchmarks/CVE-2013-1792,15,13,1,13
/workdir/PERIOD/evaluation/ConVul-CVE-Benchmarks/CVE-2013-1792,16,13,1,13
/workdir/PERIOD/evaluation/ConVul-CVE-Benchmarks/CVE-2013-1792,17,13,1,13
/workdir/PERIOD/evaluation/ConVul-CVE-Benchmarks/CVE-2013-1792,18,13,1,13
/workdir/PERIOD/evaluation/ConVul-CVE-Benchmarks/CVE-2013-1792,19,13,1,13
/workdir/PERIOD/evaluation/ConVul-CVE-Benchmarks/CVE-2016-7911,0,3,8,19
/workdir/PERIOD/evaluation/ConVul-CVE-Benchmarks/CVE-2016-7911,1,3,8,19
/workdir/PERIOD/evaluation/ConVul-CVE-Benchmarks/CVE-2016-7911,2,3,8,19
/workdir/PERIOD/evaluation/ConVul-CVE-Benchmarks/CVE-2016-7911,3,3,8,19
/workdir/PERIOD/evaluation/ConVul-CVE-Benchmarks/CVE-2016-7911,4,3,8,19
/workdir/PERIOD/evaluation/ConVul-CVE-Benchmarks/CVE-2016-7911,5,3,8,19
/workdir/PERIOD/evaluation/ConVul-CVE-Benchmarks/CVE-2016-7911,6,3,8,19
/workdir/PERIOD/evaluation/ConVul-CVE-Benchmarks/CVE-2016-7911,7,3,8,19
/workdir/PERIOD/evaluation/ConVul-CVE-Benchmarks/CVE-2016-7911,8,3,8,19
/workdir/PERIOD/evaluation/ConVul-CVE-Benchmarks/CVE-2016-7911,9,3,8,19
/workdir/PERIOD/evaluation/ConVul-CVE-Benchmarks/CVE-2016-7911,10,3,8,19
/workdir/PERIOD/evaluation/ConVul-CVE-Benchmarks/CVE-2016-7911,11,3,8,19
/workdir/PERIOD/evaluation/ConVul-CVE-Benchmarks/CVE-2016-7911,12,3,8,19
/workdir/PERIOD/evaluation/ConVul-CVE-Benchmarks/CVE-2016-7911,13,3,8,19
/workdir/PERIOD/evaluation/ConVul-CVE-Benchmarks/CVE-2016-7911,14,3,8,19
/workdir/PERIOD/evaluation/ConVul-CVE-Benchmarks/CVE-2016-7911,15,3,8,19
/workdir/PERIOD/evaluation/ConVul-CVE-Benchmarks/CVE-2016-7911,16,3,8,19
/workdir/PERIOD/evaluation/ConVul-CVE-Benchmarks/CVE-2016-7911,17,3,8,19
/workdir/PERIOD/evaluation/ConVul-CVE-Benchmarks/CVE-2016-7911,18,3,8,19
/workdir/PERIOD/evaluation/ConVul-CVE-Benchmarks/CVE-2016-7911,19,3,8,19
/workdir/PERIOD/evaluation/ConVul-CVE-Benchmarks/CVE-2015-7550,0,3,6,14
/workdir/PERIOD/evaluation/ConVul-CVE-Benchmarks/CVE-2015-7550,1,3,6,14
/workdir/PERIOD/evaluation/ConVul-CVE-Benchmarks/CVE-2015-7550,2,3,6,14
/workdir/PERIOD/evaluation/ConVul-CVE-Benchmarks/CVE-2015-7550,3,3,6,14
/workdir/PERIOD/evaluation/ConVul-CVE-Benchmarks/CVE-2015-7550,4,3,6,14
/workdir/PERIOD/evaluation/ConVul-CVE-Benchmarks/CVE-2015-7550,5,3,6,14
/workdir/PERIOD/evaluation/ConVul-CVE-Benchmarks/CVE-2015-7550,6,3,6,14
/workdir/PERIOD/evaluation/ConVul-CVE-Benchmarks/CVE-2015-7550,7,3,6,14
/workdir/PERIOD/evaluation/ConVul-CVE-Benchmarks/CVE-2015-7550,8,3,6,14
/workdir/PERIOD/evaluation/ConVul-CVE-Benchmarks/CVE-2015-7550,9,3,6,14
/workdir/PERIOD/evaluation/ConVul-CVE-Benchmarks/CVE-2015-7550,10,3,6,14
/workdir/PERIOD/evaluation/ConVul-CVE-Benchmarks/CVE-2015-7550,11,3,6,14
/workdir/PERIOD/evaluation/ConVul-CVE-Benchmarks/CVE-2015-7550,12,3,6,14
/workdir/PERIOD/evaluation/ConVul-CVE-Benchmarks/CVE-2015-7550,13,3,6,14
/workdir/PERIOD/evaluation/ConVul-CVE-Benchmarks/CVE-2015-7550,14,3,6,14
/workdir/PERIOD/evaluation/ConVul-CVE-Benchmarks/CVE-2015-7550,15,3,6,14
/workdir/PERIOD/evaluation/ConVul-CVE-Benchmarks/CVE-2015-7550,16,3,6,14
/workdir/PERIOD/evaluation/ConVul-CVE-Benchmarks/CVE-2015-7550,17,3,6,14
/workdir/PERIOD/evaluation/ConVul-CVE-Benchmarks/CVE-2015-7550,18,3,6,14
/workdir/PERIOD/evaluation/ConVul-CVE-Benchmarks/CVE-2015-7550,19,3,6,14
/workdir/PERIOD/evaluation/ConVul-CVE-Benchmarks/CVE-2016-1972,0,3,1,10
/workdir/PERIOD/evaluation/ConVul-CVE-Benchmarks/CVE-2016-1972,1,3,1,10
/workdir/PERIOD/evaluation/ConVul-CVE-Benchmarks/CVE-2016-1972,2,-1,0,0
/workdir/PERIOD/evaluation/ConVul-CVE-Benchmarks/CVE-2016-1972,3,-1,0,0
/workdir/PERIOD/evaluation/ConVul-CVE-Benchmarks/CVE-2016-1972,4,3,1,10
/workdir/PERIOD/evaluation/ConVul-CVE-Benchmarks/CVE-2016-1972,5,-1,0,0
/workdir/PERIOD/evaluation/ConVul-CVE-Benchmarks/CVE-2016-1972,6,-1,0,0
/workdir/PERIOD/evaluation/ConVul-CVE-Benchmarks/CVE-2016-1972,7,3,1,10
/workdir/PERIOD/evaluation/ConVul-CVE-Benchmarks/CVE-2016-1972,8,3,1,10
/workdir/PERIOD/evaluation/ConVul-CVE-Benchmarks/CVE-2016-1972,9,3,1,10
/workdir/PERIOD/evaluation/ConVul-CVE-Benchmarks/CVE-2016-1972,10,-1,0,0
/workdir/PERIOD/evaluation/ConVul-CVE-Benchmarks/CVE-2016-1972,11,-1,0,0
/workdir/PERIOD/evaluation/ConVul-CVE-Benchmarks/CVE-2016-1972,12,-1,0,0
/workdir/PERIOD/evaluation/ConVul-CVE-Benchmarks/CVE-2016-1972,13,-1,0,0
/workdir/PERIOD/evaluation/ConVul-CVE-Benchmarks/CVE-2016-1972,14,3,1,10
/workdir/PERIOD/evaluation/ConVul-CVE-Benchmarks/CVE-2016-1972,15,-1,0,0
/workdir/PERIOD/evaluation/ConVul-CVE-Benchmarks/CVE-2016-1972,16,-1,0,0
/workdir/PERIOD/evaluation/ConVul-CVE-Benchmarks/CVE-2016-1972,17,-1,0,0
/workdir/PERIOD/evaluation/ConVul-CVE-Benchmarks/CVE-2016-1972,18,-1,0,0
/workdir/PERIOD/evaluation/ConVul-CVE-Benchmarks/CVE-2016-1972,19,-1,0,0
/workdir/PERIOD/evaluation/ConVul-CVE-Benchmarks/CVE-2017-15265,0,11,1,96
/workdir/PERIOD/evaluation/ConVul-CVE-Benchmarks/CVE-2017-15265,1,11,1,96
/workdir/PERIOD/evaluation/ConVul-CVE-Benchmarks/CVE-2017-15265,2,11,1,96
/workdir/PERIOD/evaluation/ConVul-CVE-Benchmarks/CVE-2017-15265,3,11,1,96
/workdir/PERIOD/evaluation/ConVul-CVE-Benchmarks/CVE-2017-15265,4,11,1,96
/workdir/PERIOD/evaluation/ConVul-CVE-Benchmarks/CVE-2017-15265,5,11,1,96
/workdir/PERIOD/evaluation/ConVul-CVE-Benchmarks/CVE-2017-15265,6,11,1,96
/workdir/PERIOD/evaluation/ConVul-CVE-Benchmarks/CVE-2017-15265,7,11,1,96
/workdir/PERIOD/evaluation/ConVul-CVE-Benchmarks/CVE-2017-15265,8,11,1,96
/workdir/PERIOD/evaluation/ConVul-CVE-Benchmarks/CVE-2017-15265,9,11,1,96
/workdir/PERIOD/evaluation/ConVul-CVE-Benchmarks/CVE-2017-15265,10,11,1,96
/workdir/PERIOD/evaluation/ConVul-CVE-Benchmarks/CVE-2017-15265,11,11,1,96
/workdir/PERIOD/evaluation/ConVul-CVE-Benchmarks/CVE-2017-15265,12,11,1,96
/workdir/PERIOD/evaluation/ConVul-CVE-Benchmarks/CVE-2017-15265,13,11,1,96
/workdir/PERIOD/evaluation/ConVul-CVE-Benchmarks/CVE-2017-15265,14,11,1,96
/workdir/PERIOD/evaluation/ConVul-CVE-Benchmarks/CVE-2017-15265,15,11,1,96
/workdir/PERIOD/evaluation/ConVul-CVE-Benchmarks/CVE-2017-15265,16,11,1,96
/workdir/PERIOD/evaluation/ConVul-CVE-Benchmarks/CVE-2017-15265,17,11,1,96
/workdir/PERIOD/evaluation/ConVul-CVE-Benchmarks/CVE-2017-15265,18,11,1,96
/workdir/PERIOD/evaluation/ConVul-CVE-Benchmarks/CVE-2017-15265,19,11,1,96
/workdir/PERIOD/evaluation/ConVul-CVE-Benchmarks/CVE-2009-3547,0,2,3,6
/workdir/PERIOD/evaluation/ConVul-CVE-Benchmarks/CVE-2009-3547,1,2,3,6
/workdir/PERIOD/evaluation/ConVul-CVE-Benchmarks/CVE-2009-3547,2,2,3,6
/workdir/PERIOD/evaluation/ConVul-CVE-Benchmarks/CVE-2009-3547,3,2,3,6
/workdir/PERIOD/evaluation/ConVul-CVE-Benchmarks/CVE-2009-3547,4,2,3,6
/workdir/PERIOD/evaluation/ConVul-CVE-Benchmarks/CVE-2009-3547,5,2,3,6
/workdir/PERIOD/evaluation/ConVul-CVE-Benchmarks/CVE-2009-3547,6,2,3,6
/workdir/PERIOD/evaluation/ConVul-CVE-Benchmarks/CVE-2009-3547,7,2,3,6
/workdir/PERIOD/evaluation/ConVul-CVE-Benchmarks/CVE-2009-3547,8,2,3,6
/workdir/PERIOD/evaluation/ConVul-CVE-Benchmarks/CVE-2009-3547,9,2,3,6
/workdir/PERIOD/evaluation/ConVul-CVE-Benchmarks/CVE-2009-3547,10,2,3,6
/workdir/PERIOD/evaluation/ConVul-CVE-Benchmarks/CVE-2009-3547,11,2,3,6
/workdir/PERIOD/evaluation/ConVul-CVE-Benchmarks/CVE-2009-3547,12,2,3,6
/workdir/PERIOD/evaluation/ConVul-CVE-Benchmarks/CVE-2009-3547,13,2,3,6
/workdir/PERIOD/evaluation/ConVul-CVE-Benchmarks/CVE-2009-3547,14,2,3,6
/workdir/PERIOD/evaluation/ConVul-CVE-Benchmarks/CVE-2009-3547,15,2,3,6
/workdir/PERIOD/evaluation/ConVul-CVE-Benchmarks/CVE-2009-3547,16,2,3,6
/workdir/PERIOD/evaluation/ConVul-CVE-Benchmarks/CVE-2009-3547,17,2,3,6
/workdir/PERIOD/evaluation/ConVul-CVE-Benchmarks/CVE-2009-3547,18,2,3,6
/workdir/PERIOD/evaluation/ConVul-CVE-Benchmarks/CVE-2009-3547,19,2,3,6
/workdir/PERIOD/evaluation/CB/stringbuffer-jdk1.4,0,12,13,163
/workdir/PERIOD/evaluation/CB/stringbuffer-jdk1.4,1,12,12,163
/workdir/PERIOD/evaluation/CB/stringbuffer-jdk1.4,2,12,12,163
/workdir/PERIOD/evaluation/CB/stringbuffer-jdk1.4,3,12,12,163
/workdir/PERIOD/evaluation/CB/stringbuffer-jdk1.4,4,12,12,163
/workdir/PERIOD/evaluation/CB/stringbuffer-jdk1.4,5,111,12,163
/workdir/PERIOD/evaluation/CB/stringbuffer-jdk1.4,6,12,12,163
/workdir/PERIOD/evaluation/CB/stringbuffer-jdk1.4,7,12,12,163
/workdir/PERIOD/evaluation/CB/stringbuffer-jdk1.4,8,12,14,163
/workdir/PERIOD/evaluation/CB/stringbuffer-jdk1.4,9,12,14,163
/workdir/PERIOD/evaluation/CB/stringbuffer-jdk1.4,10,12,13,163
/workdir/PERIOD/evaluation/CB/stringbuffer-jdk1.4,11,12,14,163
/workdir/PERIOD/evaluation/CB/stringbuffer-jdk1.4,12,12,14,163
/workdir/PERIOD/evaluation/CB/stringbuffer-jdk1.4,13,12,14,163
/workdir/PERIOD/evaluation/CB/stringbuffer-jdk1.4,14,12,13,163
/workdir/PERIOD/evaluation/CB/stringbuffer-jdk1.4,15,12,13,163
/workdir/PERIOD/evaluation/CB/stringbuffer-jdk1.4,16,12,14,163
/workdir/PERIOD/evaluation/CB/stringbuffer-jdk1.4,17,12,14,163
/workdir/PERIOD/evaluation/CB/stringbuffer-jdk1.4,18,112,12,163
/workdir/PERIOD/evaluation/CB/stringbuffer-jdk1.4,19,112,13,163
/workdir/PERIOD/evaluation/CB/aget-bug2,0,9,1,9
/workdir/PERIOD/evaluation/CB/aget-bug2,1,9,1,9
/workdir/PERIOD/evaluation/CB/aget-bug2,2,9,1,9
/workdir/PERIOD/evaluation/CB/aget-bug2,3,9,1,9
/workdir/PERIOD/evaluation/CB/aget-bug2,4,9,1,9
/workdir/PERIOD/evaluation/CB/aget-bug2,5,9,1,9
/workdir/PERIOD/evaluation/CB/aget-bug2,6,9,1,9
/workdir/PERIOD/evaluation/CB/aget-bug2,7,9,1,9
/workdir/PERIOD/evaluation/CB/aget-bug2,8,9,1,9
/workdir/PERIOD/evaluation/CB/aget-bug2,9,9,1,9
/workdir/PERIOD/evaluation/CB/aget-bug2,10,9,1,9
/workdir/PERIOD/evaluation/CB/aget-bug2,11,9,1,9
/workdir/PERIOD/evaluation/CB/aget-bug2,12,9,1,9
/workdir/PERIOD/evaluation/CB/aget-bug2,13,9,1,9
/workdir/PERIOD/evaluation/CB/aget-bug2,14,9,1,9
/workdir/PERIOD/evaluation/CB/aget-bug2,15,9,1,9
/workdir/PERIOD/evaluation/CB/aget-bug2,16,9,1,9
/workdir/PERIOD/evaluation/CB/aget-bug2,13,9,1,9
/workdir/PERIOD/evaluation/CB/aget-bug2,18,9,1,9
/workdir/PERIOD/evaluation/CB/aget-bug2,19,9,1,9
/workdir/PERIOD/evaluation/CB/pbzip2-0.9.4,0,-1,0,0
/workdir/PERIOD/evaluation/CB/pbzip2-0.9.4,1,41,5,115
/workdir/PERIOD/evaluation/CB/pbzip2-0.9.4,2,41,5,115
/workdir/PERIOD/evaluation/CB/pbzip2-0.9.4,3,41,5,115
/workdir/PERIOD/evaluation/CB/pbzip2-0.9.4,4,-1,0,0
/workdir/PERIOD/evaluation/CB/pbzip2-0.9.4,5,41,5,115
/workdir/PERIOD/evaluation/CB/pbzip2-0.9.4,6,-1,0,0
/workdir/PERIOD/evaluation/CB/pbzip2-0.9.4,7,-1,0,0
/workdir/PERIOD/evaluation/CB/pbzip2-0.9.4,8,52,4,115
/workdir/PERIOD/evaluation/CB/pbzip2-0.9.4,9,-1,0,0
/workdir/PERIOD/evaluation/CB/pbzip2-0.9.4,10,-1,0,0
/workdir/PERIOD/evaluation/CB/pbzip2-0.9.4,11,41,5,115
/workdir/PERIOD/evaluation/CB/pbzip2-0.9.4,12,53,4,116
/workdir/PERIOD/evaluation/CB/pbzip2-0.9.4,13,52,4,115
/workdir/PERIOD/evaluation/CB/pbzip2-0.9.4,14,-1,0,0
/workdir/PERIOD/evaluation/CB/pbzip2-0.9.4,15,-1,0,0
/workdir/PERIOD/evaluation/CB/pbzip2-0.9.4,16,41,5,115
/workdir/PERIOD/evaluation/CB/pbzip2-0.9.4,17,-1,0,0
/workdir/PERIOD/evaluation/CB/pbzip2-0.9.4,18,-1,0,0
/workdir/PERIOD/evaluation/CB/pbzip2-0.9.4,19,-1,0,0
/workdir/PERIOD/evaluation/Splash2/lu,0,2,237,619
/workdir/PERIOD/evaluation/Splash2/lu,1,1,240,613
/workdir/PERIOD/evaluation/Splash2/lu,2,1,850,1921
/workdir/PERIOD/evaluation/Splash2/lu,3,2,1270,3147
/workdir/PERIOD/evaluation/Splash2/lu,4,2,1256,3204
/workdir/PERIOD/evaluation/Splash2/lu,5,2,1057,2428
/workdir/PERIOD/evaluation/Splash2/lu,6,2,975,2280
/workdir/PERIOD/evaluation/Splash2/lu,7,2,988,2273
/workdir/PERIOD/evaluation/Splash2/lu,8,2,292,778
/workdir/PERIOD/evaluation/Splash2/lu,9,1,293,777
/workdir/PERIOD/evaluation/Splash2/lu,10,2,239,580
/workdir/PERIOD/evaluation/Splash2/lu,11,2,518,1327
/workdir/PERIOD/evaluation/Splash2/lu,12,2,235,548
/workdir/PERIOD/evaluation/Splash2/lu,13,2,482,1171
/workdir/PERIOD/evaluation/Splash2/lu,14,2,354,972
/workdir/PERIOD/evaluation/Splash2/lu,15,2,1152,2600
/workdir/PERIOD/evaluation/Splash2/lu,16,1,1164,2561
/workdir/PERIOD/evaluation/Splash2/lu,17,1,2802,6003
/workdir/PERIOD/evaluation/Splash2/lu,18,1,2571,5527
/workdir/PERIOD/evaluation/Splash2/lu,19,5,535,1475
/workdir/PERIOD/evaluation/Splash2/barnes,0,2,972,1532
/workdir/PERIOD/evaluation/Splash2/barnes,1,2,897,1260
/workdir/PERIOD/evaluation/Splash2/barnes,2,2,972,1340
/workdir/PERIOD/evaluation/Splash2/barnes,3,2,949,1312
/workdir/PERIOD/evaluation/Splash2/barnes,4,2,984,1424
/workdir/PERIOD/evaluation/Splash2/barnes,5,2,768,1132
/workdir/PERIOD/evaluation/Splash2/barnes,6,2,964,1328
/workdir/PERIOD/evaluation/Splash2/barnes,7,2,984,1456
/workdir/PERIOD/evaluation/Splash2/barnes,8,2,952,1316
/workdir/PERIOD/evaluation/Splash2/barnes,9,2,971,1344
/workdir/PERIOD/evaluation/Splash2/barnes,10,2,968,1332
/workdir/PERIOD/evaluation/Splash2/barnes,11,2,836,1200
/workdir/PERIOD/evaluation/Splash2/barnes,12,2,947,1312
/workdir/PERIOD/evaluation/Splash2/barnes,13,2,913,1276
/workdir/PERIOD/evaluation/Splash2/barnes,14,2,929,1292
/workdir/PERIOD/evaluation/Splash2/barnes,15,2,983,1396
/workdir/PERIOD/evaluation/Splash2/barnes,16,2,982,1428
/workdir/PERIOD/evaluation/Splash2/barnes,17,2,977,1340
/workdir/PERIOD/evaluation/Splash2/barnes,18,2,984,1404
/workdir/PERIOD/evaluation/Splash2/barnes,19,2,957,1320
/workdir/PERIOD/evaluation/Splash2/fft,0,2,836,2419
/workdir/PERIOD/evaluation/Splash2/fft,1,2,823,2402
/workdir/PERIOD/evaluation/Splash2/fft,2,2,820,2393
/workdir/PERIOD/evaluation/Splash2/fft,3,2,817,2399
/workdir/PERIOD/evaluation/Splash2/fft,4,2,837,2404
/workdir/PERIOD/evaluation/Splash2/fft,5,2,3792,10699
/workdir/PERIOD/evaluation/Splash2/fft,6,2,861,2661
/workdir/PERIOD/evaluation/Splash2/fft,7,2,762,2275
/workdir/PERIOD/evaluation/Splash2/fft,8,2,769,2301
/workdir/PERIOD/evaluation/Splash2/fft,9,2,782,2276
/workdir/PERIOD/evaluation/Splash2/fft,10,2,786,2270
/workdir/PERIOD/evaluation/Splash2/fft,11,2,761,2295
/workdir/PERIOD/evaluation/Splash2/fft,12,2,769,2267
/workdir/PERIOD/evaluation/Splash2/fft,13,2,638,1527
/workdir/PERIOD/evaluation/Splash2/fft,14,2,591,1525
/workdir/PERIOD/evaluation/Splash2/fft,15,1,589,1501
/workdir/PERIOD/evaluation/Splash2/fft,16,2,595,1506
/workdir/PERIOD/evaluation/Splash2/fft,17,2,1625,5199
/workdir/PERIOD/evaluation/Splash2/fft,18,2,1659,5184
/workdir/PERIOD/evaluation/Splash2/fft,19,2,421,931
/workdir/PERIOD/evaluation/CS/twostage_50,0,286,412,11900
/workdir/PERIOD/evaluation/CS/twostage_50,1,286,402,10910
/workdir/PERIOD/evaluation/CS/twostage_50,2,286,410,11390
/workdir/PERIOD/evaluation/CS/twostage_50,3,286,410,11460
/workdir/PERIOD/evaluation/CS/twostage_50,4,286,400,11050
/workdir/PERIOD/evaluation/CS/twostage_50,5,286,400,11000
/workdir/PERIOD/evaluation/CS/twostage_50,6,286,420,12320
/workdir/PERIOD/evaluation/CS/twostage_50,7,286,413,12030
/workdir/PERIOD/evaluation/CS/twostage_50,8,286,410,11520
/workdir/PERIOD/evaluation/CS/twostage_50,9,286,420,12260
/workdir/PERIOD/evaluation/CS/twostage_50,10,286,402,10830
/workdir/PERIOD/evaluation/CS/twostage_50,11,286,410,11620
/workdir/PERIOD/evaluation/CS/twostage_50,12,286,422,12420
/workdir/PERIOD/evaluation/CS/twostage_50,13,286,418,12100
/workdir/PERIOD/evaluation/CS/twostage_50,14,286,410,11370
/workdir/PERIOD/evaluation/CS/twostage_50,15,286,415,12080
/workdir/PERIOD/evaluation/CS/twostage_50,16,286,416,11990
/workdir/PERIOD/evaluation/CS/twostage_50,17,286,400,10790
/workdir/PERIOD/evaluation/CS/twostage_50,18,286,423,12590
/workdir/PERIOD/evaluation/CS/twostage_50,19,286,420,12480
/workdir/PERIOD/evaluation/CS/reorder_5,0,12,20,225
/workdir/PERIOD/evaluation/CS/reorder_5,1,12,20,225
/workdir/PERIOD/evaluation/CS/reorder_5,2,12,20,225
/workdir/PERIOD/evaluation/CS/reorder_5,3,12,20,225
/workdir/PERIOD/evaluation/CS/reorder_5,4,12,20,225
/workdir/PERIOD/evaluation/CS/reorder_5,5,12,20,225
/workdir/PERIOD/evaluation/CS/reorder_5,6,12,20,225
/workdir/PERIOD/evaluation/CS/reorder_5,7,12,20,225
/workdir/PERIOD/evaluation/CS/reorder_5,8,12,20,225
/workdir/PERIOD/evaluation/CS/reorder_5,9,12,20,225
/workdir/PERIOD/evaluation/CS/reorder_5,10,12,20,225
/workdir/PERIOD/evaluation/CS/reorder_5,11,12,20,225
/workdir/PERIOD/evaluation/CS/reorder_5,12,12,20,225
/workdir/PERIOD/evaluation/CS/reorder_5,13,12,20,225
/workdir/PERIOD/evaluation/CS/reorder_5,14,12,20,225
/workdir/PERIOD/evaluation/CS/reorder_5,15,12,20,225
/workdir/PERIOD/evaluation/CS/reorder_5,16,12,20,225
/workdir/PERIOD/evaluation/CS/reorder_5,17,12,20,225
/workdir/PERIOD/evaluation/CS/reorder_5,18,12,20,225
/workdir/PERIOD/evaluation/CS/reorder_5,19,12,20,225
/workdir/PERIOD/evaluation/CS/lazy01,0,8,12,39
/workdir/PERIOD/evaluation/CS/lazy01,1,3,13,39
/workdir/PERIOD/evaluation/CS/lazy01,2,8,12,39
/workdir/PERIOD/evaluation/CS/lazy01,3,8,12,39
/workdir/PERIOD/evaluation/CS/lazy01,4,8,12,39
/workdir/PERIOD/evaluation/CS/lazy01,5,3,13,39
/workdir/PERIOD/evaluation/CS/lazy01,6,8,12,39
/workdir/PERIOD/evaluation/CS/lazy01,7,8,12,39
/workdir/PERIOD/evaluation/CS/lazy01,8,3,13,39
/workdir/PERIOD/evaluation/CS/lazy01,9,8,12,39
/workdir/PERIOD/evaluation/CS/lazy01,10,8,12,39
/workdir/PERIOD/evaluation/CS/lazy01,11,8,12,39
/workdir/PERIOD/evaluation/CS/lazy01,12,3,13,39
/workdir/PERIOD/evaluation/CS/lazy01,13,8,12,39
/workdir/PERIOD/evaluation/CS/lazy01,14,8,12,39
/workdir/PERIOD/evaluation/CS/lazy01,15,8,12,39
/workdir/PERIOD/evaluation/CS/lazy01,16,8,12,39
/workdir/PERIOD/evaluation/CS/lazy01,17,8,12,39
/workdir/PERIOD/evaluation/CS/lazy01,18,8,12,39
/workdir/PERIOD/evaluation/CS/lazy01,19,8,12,39
/workdir/PERIOD/evaluation/CS/bluetooth_driver,0,9,4,48
/workdir/PERIOD/evaluation/CS/bluetooth_driver,1,9,4,48
/workdir/PERIOD/evaluation/CS/bluetooth_driver,2,9,4,48
/workdir/PERIOD/evaluation/CS/bluetooth_driver,3,9,4,48
/workdir/PERIOD/evaluation/CS/bluetooth_driver,4,9,4,48
/workdir/PERIOD/evaluation/CS/bluetooth_driver,5,9,3,48
/workdir/PERIOD/evaluation/CS/bluetooth_driver,6,9,4,48
/workdir/PERIOD/evaluation/CS/bluetooth_driver,7,9,4,48
/workdir/PERIOD/evaluation/CS/bluetooth_driver,8,9,4,48
/workdir/PERIOD/evaluation/CS/bluetooth_driver,9,9,3,48
/workdir/PERIOD/evaluation/CS/bluetooth_driver,10,9,4,48
/workdir/PERIOD/evaluation/CS/bluetooth_driver,11,9,4,48
/workdir/PERIOD/evaluation/CS/bluetooth_driver,12,9,4,48
/workdir/PERIOD/evaluation/CS/bluetooth_driver,13,9,4,48
/workdir/PERIOD/evaluation/CS/bluetooth_driver,14,9,4,48
/workdir/PERIOD/evaluation/CS/bluetooth_driver,15,9,4,48
/workdir/PERIOD/evaluation/CS/bluetooth_driver,16,9,4,48
/workdir/PERIOD/evaluation/CS/bluetooth_driver,17,9,4,48
/workdir/PERIOD/evaluation/CS/bluetooth_driver,18,9,4,48
/workdir/PERIOD/evaluation/CS/bluetooth_driver,19,9,3,48
/workdir/PERIOD/evaluation/CS/reorder_4,0,9,12,100
/workdir/PERIOD/evaluation/CS/reorder_4,1,9,12,100
/workdir/PERIOD/evaluation/CS/reorder_4,2,9,12,100
/workdir/PERIOD/evaluation/CS/reorder_4,3,9,12,100
/workdir/PERIOD/evaluation/CS/reorder_4,4,9,12,100
/workdir/PERIOD/evaluation/CS/reorder_4,5,9,12,100
/workdir/PERIOD/evaluation/CS/reorder_4,6,9,12,100
/workdir/PERIOD/evaluation/CS/reorder_4,7,9,12,100
/workdir/PERIOD/evaluation/CS/reorder_4,8,9,12,100
/workdir/PERIOD/evaluation/CS/reorder_4,9,9,12,100
/workdir/PERIOD/evaluation/CS/reorder_4,10,9,12,100
/workdir/PERIOD/evaluation/CS/reorder_4,11,9,12,100
/workdir/PERIOD/evaluation/CS/reorder_4,12,9,12,100
/workdir/PERIOD/evaluation/CS/reorder_4,13,9,12,100
/workdir/PERIOD/evaluation/CS/reorder_4,14,9,12,100
/workdir/PERIOD/evaluation/CS/reorder_4,15,9,12,100
/workdir/PERIOD/evaluation/CS/reorder_4,16,9,12,100
/workdir/PERIOD/evaluation/CS/reorder_4,17,9,12,100
/workdir/PERIOD/evaluation/CS/reorder_4,18,9,12,100
/workdir/PERIOD/evaluation/CS/reorder_4,19,9,12,100
/workdir/PERIOD/evaluation/CS/account,0,10,26,65
/workdir/PERIOD/evaluation/CS/account,1,10,26,65
/workdir/PERIOD/evaluation/CS/account,2,10,26,65
/workdir/PERIOD/evaluation/CS/account,3,10,26,65
/workdir/PERIOD/evaluation/CS/account,4,10,26,65
/workdir/PERIOD/evaluation/CS/account,5,10,26,65
/workdir/PERIOD/evaluation/CS/account,6,10,26,65
/workdir/PERIOD/evaluation/CS/account,7,10,26,65
/workdir/PERIOD/evaluation/CS/account,8,10,26,65
/workdir/PERIOD/evaluation/CS/account,9,10,26,65
/workdir/PERIOD/evaluation/CS/account,10,10,26,65
/workdir/PERIOD/evaluation/CS/account,11,10,26,65
/workdir/PERIOD/evaluation/CS/account,12,10,26,65
/workdir/PERIOD/evaluation/CS/account,13,10,26,65
/workdir/PERIOD/evaluation/CS/account,14,10,26,65
/workdir/PERIOD/evaluation/CS/account,15,11,25,65
/workdir/PERIOD/evaluation/CS/account,16,10,26,65
/workdir/PERIOD/evaluation/CS/account,17,10,26,65
/workdir/PERIOD/evaluation/CS/account,18,10,26,65
/workdir/PERIOD/evaluation/CS/account,19,10,26,65
/workdir/PERIOD/evaluation/CS/twostage_100,0,690,17,9449
/workdir/PERIOD/evaluation/CS/twostage_100,1,690,18,10103
/workdir/PERIOD/evaluation/CS/twostage_100,2,690,17,9695
/workdir/PERIOD/evaluation/CS/twostage_100,3,690,17,9623
/workdir/PERIOD/evaluation/CS/twostage_100,4,690,17,9413
/workdir/PERIOD/evaluation/CS/twostage_100,5,690,17,9401
/workdir/PERIOD/evaluation/CS/twostage_100,6,690,17,9467
/workdir/PERIOD/evaluation/CS/twostage_100,7,690,19,10565
/workdir/PERIOD/evaluation/CS/twostage_100,8,690,18,10343
/workdir/PERIOD/evaluation/CS/twostage_100,9,690,18,10361
/workdir/PERIOD/evaluation/CS/twostage_100,10,690,16,9341
/workdir/PERIOD/evaluation/CS/twostage_100,11,690,15,8669
/workdir/PERIOD/evaluation/CS/twostage_100,12,690,17,9683
/workdir/PERIOD/evaluation/CS/twostage_100,13,690,20,10949
/workdir/PERIOD/evaluation/CS/twostage_100,14,690,17,9779
/workdir/PERIOD/evaluation/CS/twostage_100,15,690,16,8939
/workdir/PERIOD/evaluation/CS/twostage_100,16,690,18,10145
/workdir/PERIOD/evaluation/CS/twostage_100,17,690,18,10181
/workdir/PERIOD/evaluation/CS/twostage_100,18,690,17,9455
/workdir/PERIOD/evaluation/CS/twostage_100,19,690,18,9995
/workdir/PERIOD/evaluation/CS/queue,0,3,2527,11349
/workdir/PERIOD/evaluation/CS/queue,1,3,414,626
/workdir/PERIOD/evaluation/CS/queue,2,4,415,626
/workdir/PERIOD/evaluation/CS/queue,3,3,416,626
/workdir/PERIOD/evaluation/CS/queue,4,3,411,625
/workdir/PERIOD/evaluation/CS/queue,5,4,412,626
/workdir/PERIOD/evaluation/CS/queue,6,4,409,626
/workdir/PERIOD/evaluation/CS/queue,7,4,418,626
/workdir/PERIOD/evaluation/CS/queue,8,4,413,626
/workdir/PERIOD/evaluation/CS/queue,9,5,413,626
/workdir/PERIOD/evaluation/CS/queue,10,3,413,626
/workdir/PERIOD/evaluation/CS/queue,11,3,414,626
/workdir/PERIOD/evaluation/CS/queue,12,4,412,626
/workdir/PERIOD/evaluation/CS/queue,13,4,413,626
/workdir/PERIOD/evaluation/CS/queue,14,3,417,626
/workdir/PERIOD/evaluation/CS/queue,15,4,414,626
/workdir/PERIOD/evaluation/CS/queue,16,4,416,626
/workdir/PERIOD/evaluation/CS/queue,17,3,416,626
/workdir/PERIOD/evaluation/CS/queue,18,3,418,626
/workdir/PERIOD/evaluation/CS/queue,19,3,414,626
/workdir/PERIOD/evaluation/CS/deadlock01,0,3,1,3
/workdir/PERIOD/evaluation/CS/deadlock01,1,3,1,3
/workdir/PERIOD/evaluation/CS/deadlock01,2,3,1,3
/workdir/PERIOD/evaluation/CS/deadlock01,3,3,1,3
/workdir/PERIOD/evaluation/CS/deadlock01,4,3,1,3
/workdir/PERIOD/evaluation/CS/deadlock01,5,3,1,3
/workdir/PERIOD/evaluation/CS/deadlock01,6,3,1,3
/workdir/PERIOD/evaluation/CS/deadlock01,7,3,1,3
/workdir/PERIOD/evaluation/CS/deadlock01,8,3,1,3
/workdir/PERIOD/evaluation/CS/deadlock01,9,3,1,3
/workdir/PERIOD/evaluation/CS/deadlock01,10,3,1,3
/workdir/PERIOD/evaluation/CS/deadlock01,11,3,1,3
/workdir/PERIOD/evaluation/CS/deadlock01,12,3,1,3
/workdir/PERIOD/evaluation/CS/deadlock01,13,3,1,3
/workdir/PERIOD/evaluation/CS/deadlock01,14,3,1,3
/workdir/PERIOD/evaluation/CS/deadlock01,15,3,1,3
/workdir/PERIOD/evaluation/CS/deadlock01,16,3,1,3
/workdir/PERIOD/evaluation/CS/deadlock01,17,3,1,3
/workdir/PERIOD/evaluation/CS/deadlock01,18,3,1,3
/workdir/PERIOD/evaluation/CS/deadlock01,19,3,1,3
/workdir/PERIOD/evaluation/CS/wronglock,0,4,312,1464
/workdir/PERIOD/evaluation/CS/wronglock,1,5,300,1464
/workdir/PERIOD/evaluation/CS/wronglock,2,3,311,1464
/workdir/PERIOD/evaluation/CS/wronglock,3,4,351,1464
/workdir/PERIOD/evaluation/CS/wronglock,4,3,309,1464
/workdir/PERIOD/evaluation/CS/wronglock,5,8,326,1464
/workdir/PERIOD/evaluation/CS/wronglock,6,5,308,1464
/workdir/PERIOD/evaluation/CS/wronglock,7,3,317,1464
/workdir/PERIOD/evaluation/CS/wronglock,8,10,298,1464
/workdir/PERIOD/evaluation/CS/wronglock,9,4,302,1464
/workdir/PERIOD/evaluation/CS/wronglock,10,3,314,1464
/workdir/PERIOD/evaluation/CS/wronglock,11,3,308,1464
/workdir/PERIOD/evaluation/CS/wronglock,12,6,334,1464
/workdir/PERIOD/evaluation/CS/wronglock,13,4,316,1464
/workdir/PERIOD/evaluation/CS/wronglock,14,4,300,1464
/workdir/PERIOD/evaluation/CS/wronglock,15,3,323,1464
/workdir/PERIOD/evaluation/CS/wronglock,16,3,316,1464
/workdir/PERIOD/evaluation/CS/wronglock,17,3,342,1464
/workdir/PERIOD/evaluation/CS/wronglock,18,3,322,1464
/workdir/PERIOD/evaluation/CS/wronglock,19,5,310,1464
/workdir/PERIOD/evaluation/CS/reorder_100,0,297,62,8561
/workdir/PERIOD/evaluation/CS/reorder_100,1,297,58,8301
/workdir/PERIOD/evaluation/CS/reorder_100,2,297,61,8463
/workdir/PERIOD/evaluation/CS/reorder_100,3,297,57,8214
/workdir/PERIOD/evaluation/CS/reorder_100,4,297,54,7898
/workdir/PERIOD/evaluation/CS/reorder_100,5,297,69,9038
/workdir/PERIOD/evaluation/CS/reorder_100,6,297,75,9340
/workdir/PERIOD/evaluation/CS/reorder_100,7,297,61,8529
/workdir/PERIOD/evaluation/CS/reorder_100,8,297,69,9060
/workdir/PERIOD/evaluation/CS/reorder_100,9,297,67,8919
/workdir/PERIOD/evaluation/CS/reorder_100,10,297,78,9469
/workdir/PERIOD/evaluation/CS/reorder_100,11,297,65,8811
/workdir/PERIOD/evaluation/CS/reorder_100,12,297,62,8605
/workdir/PERIOD/evaluation/CS/reorder_100,13,297,60,8431
/workdir/PERIOD/evaluation/CS/reorder_100,14,297,78,9469
/workdir/PERIOD/evaluation/CS/reorder_100,15,297,66,8876
/workdir/PERIOD/evaluation/CS/reorder_100,16,297,74,9286
/workdir/PERIOD/evaluation/CS/reorder_100,17,297,75,9362
/workdir/PERIOD/evaluation/CS/reorder_100,18,297,82,9641
/workdir/PERIOD/evaluation/CS/reorder_100,19,297,76,9405
/workdir/PERIOD/evaluation/CS/reorder_20,0,39,2172,6791
/workdir/PERIOD/evaluation/CS/reorder_20,1,39,2290,6909
/workdir/PERIOD/evaluation/CS/reorder_20,2,39,2306,6954
/workdir/PERIOD/evaluation/CS/reorder_20,3,39,2070,6530
/workdir/PERIOD/evaluation/CS/reorder_20,4,39,2173,6791
/workdir/PERIOD/evaluation/CS/reorder_20,5,39,2346,7097
/workdir/PERIOD/evaluation/CS/reorder_20,6,39,2376,7126
/workdir/PERIOD/evaluation/CS/reorder_20,7,39,2202,6820
/workdir/PERIOD/evaluation/CS/reorder_20,8,39,2260,6879
/workdir/PERIOD/evaluation/CS/reorder_20,9,39,2302,6940
/workdir/PERIOD/evaluation/CS/reorder_20,10,39,2426,7176
/workdir/PERIOD/evaluation/CS/reorder_20,11,39,2454,7204
/workdir/PERIOD/evaluation/CS/reorder_20,12,39,2339,7086
/workdir/PERIOD/evaluation/CS/reorder_20,13,39,2282,6900
/workdir/PERIOD/evaluation/CS/reorder_20,14,39,2194,6812
/workdir/PERIOD/evaluation/CS/reorder_20,15,39,2314,6989
/workdir/PERIOD/evaluation/CS/reorder_20,16,39,1259,4614
/workdir/PERIOD/evaluation/CS/reorder_20,17,39,2282,6900
/workdir/PERIOD/evaluation/CS/reorder_20,18,39,2339,7086
/workdir/PERIOD/evaluation/CS/reorder_20,19,39,2164,6783
/workdir/PERIOD/evaluation/CS/twostage_20,0,76,868,19237
/workdir/PERIOD/evaluation/CS/twostage_20,1,76,703,15934
/workdir/PERIOD/evaluation/CS/twostage_20,2,76,722,16565
/workdir/PERIOD/evaluation/CS/twostage_20,3,76,849,19057
/workdir/PERIOD/evaluation/CS/twostage_20,4,76,771,17772
/workdir/PERIOD/evaluation/CS/twostage_20,5,76,777,17795
/workdir/PERIOD/evaluation/CS/twostage_20,6,76,781,17887
/workdir/PERIOD/evaluation/CS/twostage_20,7,76,843,19035
/workdir/PERIOD/evaluation/CS/twostage_20,8,76,818,18718
/workdir/PERIOD/evaluation/CS/twostage_20,9,76,732,16819
/workdir/PERIOD/evaluation/CS/twostage_20,10,76,938,20079
/workdir/PERIOD/evaluation/CS/twostage_20,11,76,702,15838
/workdir/PERIOD/evaluation/CS/twostage_20,12,76,874,19353
/workdir/PERIOD/evaluation/CS/twostage_20,13,76,819,18741
/workdir/PERIOD/evaluation/CS/twostage_20,14,76,808,18534
/workdir/PERIOD/evaluation/CS/twostage_20,15,76,750,17192
/workdir/PERIOD/evaluation/CS/twostage_20,16,76,834,18900
/workdir/PERIOD/evaluation/CS/twostage_20,17,76,925,19943
/workdir/PERIOD/evaluation/CS/twostage_20,18,76,728,16634
/workdir/PERIOD/evaluation/CS/twostage_20,19,76,859,19216
/workdir/PERIOD/evaluation/CS/wronglock_3,0,6,46,172
/workdir/PERIOD/evaluation/CS/wronglock_3,1,6,46,172
/workdir/PERIOD/evaluation/CS/wronglock_3,2,4,48,172
/workdir/PERIOD/evaluation/CS/wronglock_3,3,4,45,172
/workdir/PERIOD/evaluation/CS/wronglock_3,4,3,45,172
/workdir/PERIOD/evaluation/CS/wronglock_3,5,6,46,172
/workdir/PERIOD/evaluation/CS/wronglock_3,6,6,46,172
/workdir/PERIOD/evaluation/CS/wronglock_3,7,3,51,172
/workdir/PERIOD/evaluation/CS/wronglock_3,8,6,50,172
/workdir/PERIOD/evaluation/CS/wronglock_3,9,6,45,172
/workdir/PERIOD/evaluation/CS/wronglock_3,10,6,47,172
/workdir/PERIOD/evaluation/CS/wronglock_3,11,4,47,172
/workdir/PERIOD/evaluation/CS/wronglock_3,12,6,46,172
/workdir/PERIOD/evaluation/CS/wronglock_3,13,3,48,172
/workdir/PERIOD/evaluation/CS/wronglock_3,14,6,44,172
/workdir/PERIOD/evaluation/CS/wronglock_3,15,6,47,172
/workdir/PERIOD/evaluation/CS/wronglock_3,16,6,42,172
/workdir/PERIOD/evaluation/CS/wronglock_3,17,3,47,172
/workdir/PERIOD/evaluation/CS/wronglock_3,18,6,49,172
/workdir/PERIOD/evaluation/CS/wronglock_3,19,3,50,172
/workdir/PERIOD/evaluation/CS/circular_buffer,0,3,230,368
/workdir/PERIOD/evaluation/CS/circular_buffer,1,3,215,368
/workdir/PERIOD/evaluation/CS/circular_buffer,2,3,225,368
/workdir/PERIOD/evaluation/CS/circular_buffer,3,3,223,368
/workdir/PERIOD/evaluation/CS/circular_buffer,4,4,221,367
/workdir/PERIOD/evaluation/CS/circular_buffer,5,3,225,367
/workdir/PERIOD/evaluation/CS/circular_buffer,6,3,219,368
/workdir/PERIOD/evaluation/CS/circular_buffer,7,3,219,368
/workdir/PERIOD/evaluation/CS/circular_buffer,8,3,217,368
/workdir/PERIOD/evaluation/CS/circular_buffer,9,3,231,368
/workdir/PERIOD/evaluation/CS/circular_buffer,10,3,243,367
/workdir/PERIOD/evaluation/CS/circular_buffer,11,4,231,368
/workdir/PERIOD/evaluation/CS/circular_buffer,12,3,219,368
/workdir/PERIOD/evaluation/CS/circular_buffer,13,3,213,368
/workdir/PERIOD/evaluation/CS/circular_buffer,14,3,222,368
/workdir/PERIOD/evaluation/CS/circular_buffer,15,3,227,368
/workdir/PERIOD/evaluation/CS/circular_buffer,16,3,210,368
/workdir/PERIOD/evaluation/CS/circular_buffer,17,3,225,368
/workdir/PERIOD/evaluation/CS/circular_buffer,18,4,216,368
/workdir/PERIOD/evaluation/CS/circular_buffer,19,3,221,368
/workdir/PERIOD/evaluation/CS/twostage,0,4,2,33
/workdir/PERIOD/evaluation/CS/twostage,1,4,2,33
/workdir/PERIOD/evaluation/CS/twostage,2,4,2,33
/workdir/PERIOD/evaluation/CS/twostage,3,4,2,33
/workdir/PERIOD/evaluation/CS/twostage,4,4,2,33
/workdir/PERIOD/evaluation/CS/twostage,5,4,2,33
/workdir/PERIOD/evaluation/CS/twostage,6,4,2,33
/workdir/PERIOD/evaluation/CS/twostage,7,4,2,33
/workdir/PERIOD/evaluation/CS/twostage,8,4,2,33
/workdir/PERIOD/evaluation/CS/twostage,9,4,2,33
/workdir/PERIOD/evaluation/CS/twostage,10,4,2,33
/workdir/PERIOD/evaluation/CS/twostage,11,4,2,33
/workdir/PERIOD/evaluation/CS/twostage,12,4,2,33
/workdir/PERIOD/evaluation/CS/twostage,13,4,2,33
/workdir/PERIOD/evaluation/CS/twostage,14,4,2,33
/workdir/PERIOD/evaluation/CS/twostage,15,4,2,33
/workdir/PERIOD/evaluation/CS/twostage,16,4,2,33
/workdir/PERIOD/evaluation/CS/twostage,17,4,2,33
/workdir/PERIOD/evaluation/CS/twostage,18,4,2,33
/workdir/PERIOD/evaluation/CS/twostage,19,4,2,33
/workdir/PERIOD/evaluation/CS/carter01,0,4,1,4
/workdir/PERIOD/evaluation/CS/carter01,1,4,1,4
/workdir/PERIOD/evaluation/CS/carter01,2,4,1,4
/workdir/PERIOD/evaluation/CS/carter01,3,5,1,5
/workdir/PERIOD/evaluation/CS/carter01,4,1
/workdir/PERIOD/evaluation/CS/carter01,5,5,1,5
/workdir/PERIOD/evaluation/CS/carter01,6,5,1,5
/workdir/PERIOD/evaluation/CS/carter01,7,5,1,5
/workdir/PERIOD/evaluation/CS/carter01,8,5,1,5
/workdir/PERIOD/evaluation/CS/carter01,9,5,1,5
/workdir/PERIOD/evaluation/CS/carter01,10,5,1,5
/workdir/PERIOD/evaluation/CS/carter01,11,5,1,5
/workdir/PERIOD/evaluation/CS/carter01,12,5,1,5
/workdir/PERIOD/evaluation/CS/carter01,13,5,1,5
/workdir/PERIOD/evaluation/CS/carter01,15,1,5
/workdir/PERIOD/evaluation/CS/carter01,14,5,1,5
/workdir/PERIOD/evaluation/CS/carter01,16,5,1,5
/workdir/PERIOD/evaluation/CS/carter01,17,5,1,5
/workdir/PERIOD/evaluation/CS/carter01,18,5,1,5
/workdir/PERIOD/evaluation/CS/carter01,19,5,1,5
/workdir/PERIOD/evaluation/CS/reorder_10,0,27,90,2350
/workdir/PERIOD/evaluation/CS/reorder_10,1,27,90,2350
/workdir/PERIOD/evaluation/CS/reorder_10,2,27,90,2350
/workdir/PERIOD/evaluation/CS/reorder_10,3,27,90,2350
/workdir/PERIOD/evaluation/CS/reorder_10,4,27,90,2350
/workdir/PERIOD/evaluation/CS/reorder_10,5,27,90,2350
/workdir/PERIOD/evaluation/CS/reorder_10,6,27,90,2350
/workdir/PERIOD/evaluation/CS/reorder_10,7,27,90,2350
/workdir/PERIOD/evaluation/CS/reorder_10,8,27,90,2350
/workdir/PERIOD/evaluation/CS/reorder_10,9,27,90,2350
/workdir/PERIOD/evaluation/CS/reorder_10,10,27,90,2350
/workdir/PERIOD/evaluation/CS/reorder_10,11,27,90,2350
/workdir/PERIOD/evaluation/CS/reorder_10,12,27,90,2350
/workdir/PERIOD/evaluation/CS/reorder_10,13,27,90,2350
/workdir/PERIOD/evaluation/CS/reorder_10,14,27,90,2350
/workdir/PERIOD/evaluation/CS/reorder_10,15,27,90,2350
/workdir/PERIOD/evaluation/CS/reorder_10,16,27,90,2350
/workdir/PERIOD/evaluation/CS/reorder_10,17,27,90,2350
/workdir/PERIOD/evaluation/CS/reorder_10,18,27,90,2350
/workdir/PERIOD/evaluation/CS/reorder_10,19,27,90,2350
/workdir/PERIOD/evaluation/CS/stack,0,8,171,918
/workdir/PERIOD/evaluation/CS/stack,1,8,150,918
/workdir/PERIOD/evaluation/CS/stack,2,8,137,918
/workdir/PERIOD/evaluation/CS/stack,3,8,153,918
/workdir/PERIOD/evaluation/CS/stack,4,8,155,918
/workdir/PERIOD/evaluation/CS/stack,5,8,172,918
/workdir/PERIOD/evaluation/CS/stack,6,8,160,918
/workdir/PERIOD/evaluation/CS/stack,7,8,147,918
/workdir/PERIOD/evaluation/CS/stack,8,8,145,918
/workdir/PERIOD/evaluation/CS/stack,9,8,159,918
/workdir/PERIOD/evaluation/CS/stack,10,8,146,918
/workdir/PERIOD/evaluation/CS/stack,11,8,152,918
/workdir/PERIOD/evaluation/CS/stack,12,8,147,918
/workdir/PERIOD/evaluation/CS/stack,13,8,167,918
/workdir/PERIOD/evaluation/CS/stack,14,8,158,918
/workdir/PERIOD/evaluation/CS/stack,15,8,150,918
/workdir/PERIOD/evaluation/CS/stack,16,8,149,918
/workdir/PERIOD/evaluation/CS/stack,17,8,149,918
/workdir/PERIOD/evaluation/CS/stack,18,8,153,918
/workdir/PERIOD/evaluation/CS/stack,19,8,148,918
/workdir/PERIOD/evaluation/CS/token_ring,0,2,53,232
/workdir/PERIOD/evaluation/CS/token_ring,1,2,57,232
/workdir/PERIOD/evaluation/CS/token_ring,2,2,52,232
/workdir/PERIOD/evaluation/CS/token_ring,3,2,51,232
/workdir/PERIOD/evaluation/CS/token_ring,4,2,53,232
/workdir/PERIOD/evaluation/CS/token_ring,5,2,53,232
/workdir/PERIOD/evaluation/CS/token_ring,6,2,56,232
/workdir/PERIOD/evaluation/CS/token_ring,7,2,56,232
/workdir/PERIOD/evaluation/CS/token_ring,8,2,54,232
/workdir/PERIOD/evaluation/CS/token_ring,9,2,55,232
/workdir/PERIOD/evaluation/CS/token_ring,10,2,57,232
/workdir/PERIOD/evaluation/CS/token_ring,11,2,54,232
/workdir/PERIOD/evaluation/CS/token_ring,12,2,53,232
/workdir/PERIOD/evaluation/CS/token_ring,13,2,51,232
/workdir/PERIOD/evaluation/CS/token_ring,14,2,56,232
/workdir/PERIOD/evaluation/CS/token_ring,15,2,53,232
/workdir/PERIOD/evaluation/CS/token_ring,16,2,51,232
/workdir/PERIOD/evaluation/CS/token_ring,17,2,53,232
/workdir/PERIOD/evaluation/CS/token_ring,18,2,52,232
/workdir/PERIOD/evaluation/CS/token_ring,19,2,53,232
/workdir/PERIOD/evaluation/CS/reorder_50,0,129,499,8097
/workdir/PERIOD/evaluation/CS/reorder_50,1,129,573,9580
/workdir/PERIOD/evaluation/CS/reorder_50,2,129,530,8635
/workdir/PERIOD/evaluation/CS/reorder_50,3,129,590,9732
/workdir/PERIOD/evaluation/CS/reorder_50,4,129,554,9060
/workdir/PERIOD/evaluation/CS/reorder_50,5,129,565,9560
/workdir/PERIOD/evaluation/CS/reorder_50,6,129,530,8980
/workdir/PERIOD/evaluation/CS/reorder_50,7,129,530,8635
/workdir/PERIOD/evaluation/CS/reorder_50,8,129,530,8520
/workdir/PERIOD/evaluation/CS/reorder_50,9,129,554,9060
/workdir/PERIOD/evaluation/CS/reorder_50,10,129,566,9560
/workdir/PERIOD/evaluation/CS/reorder_50,11,129,590,9755
/workdir/PERIOD/evaluation/CS/reorder_50,12,129,533,9000
/workdir/PERIOD/evaluation/CS/reorder_50,13,129,530,8519
/workdir/PERIOD/evaluation/CS/reorder_50,14,129,560,9540
/workdir/PERIOD/evaluation/CS/reorder_50,15,129,530,8611
/workdir/PERIOD/evaluation/CS/reorder_50,16,129,547,9040
/workdir/PERIOD/evaluation/CS/reorder_50,17,129,547,9040
/workdir/PERIOD/evaluation/CS/reorder_50,18,129,590,10052
/workdir/PERIOD/evaluation/CS/reorder_50,19,129,500,8233
/workdir/PERIOD/evaluation/CS/reorder_3,0,6,6,27
/workdir/PERIOD/evaluation/CS/reorder_3,1,6,6,27
/workdir/PERIOD/evaluation/CS/reorder_3,2,6,6,27
/workdir/PERIOD/evaluation/CS/reorder_3,3,6,6,27
/workdir/PERIOD/evaluation/CS/reorder_3,4,6,6,27
/workdir/PERIOD/evaluation/CS/reorder_3,5,6,6,27
/workdir/PERIOD/evaluation/CS/reorder_3,6,6,6,27
/workdir/PERIOD/evaluation/CS/reorder_3,7,6,6,27
/workdir/PERIOD/evaluation/CS/reorder_3,8,6,6,27
/workdir/PERIOD/evaluation/CS/reorder_3,9,6,6,27
/workdir/PERIOD/evaluation/CS/reorder_3,10,6,6,27
/workdir/PERIOD/evaluation/CS/reorder_3,11,6,6,27
/workdir/PERIOD/evaluation/CS/reorder_3,12,6,6,27
/workdir/PERIOD/evaluation/CS/reorder_3,13,6,6,27
/workdir/PERIOD/evaluation/CS/reorder_3,14,6,6,27
/workdir/PERIOD/evaluation/CS/reorder_3,15,6,6,27
/workdir/PERIOD/evaluation/CS/reorder_3,16,6,6,27
/workdir/PERIOD/evaluation/CS/reorder_3,17,6,6,27
/workdir/PERIOD/evaluation/CS/reorder_3,18,6,6,27
/workdir/PERIOD/evaluation/CS/reorder_3,19,6,6,27
/workdir/PERIOD/evaluation/Inspect_benchmarks/ctrace-test,0,3,5,13
/workdir/PERIOD/evaluation/Inspect_benchmarks/ctrace-test,1,3,5,13
/workdir/PERIOD/evaluation/Inspect_benchmarks/ctrace-test,2,3,5,13
/workdir/PERIOD/evaluation/Inspect_benchmarks/ctrace-test,3,3,5,13
/workdir/PERIOD/evaluation/Inspect_benchmarks/ctrace-test,4,3,5,13
/workdir/PERIOD/evaluation/Inspect_benchmarks/ctrace-test,5,3,5,13
/workdir/PERIOD/evaluation/Inspect_benchmarks/ctrace-test,6,3,5,13
/workdir/PERIOD/evaluation/Inspect_benchmarks/ctrace-test,7,3,5,13
/workdir/PERIOD/evaluation/Inspect_benchmarks/ctrace-test,8,3,5,13
/workdir/PERIOD/evaluation/Inspect_benchmarks/ctrace-test,9,3,5,13
/workdir/PERIOD/evaluation/Inspect_benchmarks/ctrace-test,10,3,5,13
/workdir/PERIOD/evaluation/Inspect_benchmarks/ctrace-test,11,3,5,13
/workdir/PERIOD/evaluation/Inspect_benchmarks/ctrace-test,12,3,5,13
/workdir/PERIOD/evaluation/Inspect_benchmarks/ctrace-test,13,3,5,13
/workdir/PERIOD/evaluation/Inspect_benchmarks/ctrace-test,14,3,5,13
/workdir/PERIOD/evaluation/Inspect_benchmarks/ctrace-test,15,3,5,13
/workdir/PERIOD/evaluation/Inspect_benchmarks/ctrace-test,16,3,5,13
/workdir/PERIOD/evaluation/Inspect_benchmarks/ctrace-test,17,3,5,13
/workdir/PERIOD/evaluation/Inspect_benchmarks/ctrace-test,18,3,5,13
/workdir/PERIOD/evaluation/Inspect_benchmarks/ctrace-test,19,3,5,13
/workdir/PERIOD/evaluation/Inspect_benchmarks/bbuf,0,-1,0,482
/workdir/PERIOD/evaluation/Inspect_benchmarks/bbuf,1,-1,0,482
/workdir/PERIOD/evaluation/Inspect_benchmarks/bbuf,2,-1,0,482
/workdir/PERIOD/evaluation/Inspect_benchmarks/bbuf,3,-1,0,482
/workdir/PERIOD/evaluation/Inspect_benchmarks/bbuf,4,-1,0,482
/workdir/PERIOD/evaluation/Inspect_benchmarks/bbuf,5,-1,0,482
/workdir/PERIOD/evaluation/Inspect_benchmarks/bbuf,6,-1,0,482
/workdir/PERIOD/evaluation/Inspect_benchmarks/bbuf,7,-1,0,482
/workdir/PERIOD/evaluation/Inspect_benchmarks/bbuf,8,-1,0,482
/workdir/PERIOD/evaluation/Inspect_benchmarks/bbuf,9,-1,0,482
/workdir/PERIOD/evaluation/Inspect_benchmarks/bbuf,10,-1,0,482
/workdir/PERIOD/evaluation/Inspect_benchmarks/bbuf,11,-1,0,482
/workdir/PERIOD/evaluation/Inspect_benchmarks/bbuf,12,-1,0,482
/workdir/PERIOD/evaluation/Inspect_benchmarks/bbuf,13,-1,0,482
/workdir/PERIOD/evaluation/Inspect_benchmarks/bbuf,14,-1,0,482
/workdir/PERIOD/evaluation/Inspect_benchmarks/bbuf,15,-1,0,482
/workdir/PERIOD/evaluation/Inspect_benchmarks/bbuf,16,-1,0,482
/workdir/PERIOD/evaluation/Inspect_benchmarks/bbuf,17,-1,0,482
/workdir/PERIOD/evaluation/Inspect_benchmarks/bbuf,18,-1,0,482
/workdir/PERIOD/evaluation/Inspect_benchmarks/bbuf,19,-1,0,482
/workdir/PERIOD/evaluation/Inspect_benchmarks/qsort_mt,0,27,46,8645
/workdir/PERIOD/evaluation/Inspect_benchmarks/qsort_mt,1,27,42,8645
/workdir/PERIOD/evaluation/Inspect_benchmarks/qsort_mt,2,27,45,8646
/workdir/PERIOD/evaluation/Inspect_benchmarks/qsort_mt,3,27,62,9562
/workdir/PERIOD/evaluation/Inspect_benchmarks/qsort_mt,4,27,50,8647
/workdir/PERIOD/evaluation/Inspect_benchmarks/qsort_mt,5,27,45,9562
/workdir/PERIOD/evaluation/Inspect_benchmarks/qsort_mt,6,27,55,8645
/workdir/PERIOD/evaluation/Inspect_benchmarks/qsort_mt,7,27,49,8647
/workdir/PERIOD/evaluation/Inspect_benchmarks/qsort_mt,8,27,44,8645
/workdir/PERIOD/evaluation/Inspect_benchmarks/qsort_mt,9,27,45,9562
/workdir/PERIOD/evaluation/Inspect_benchmarks/qsort_mt,10,27,48,9561
/workdir/PERIOD/evaluation/Inspect_benchmarks/qsort_mt,11,27,42,9561
/workdir/PERIOD/evaluation/Inspect_benchmarks/qsort_mt,12,27,44,8645
/workdir/PERIOD/evaluation/Inspect_benchmarks/qsort_mt,13,27,38,8646
/workdir/PERIOD/evaluation/Inspect_benchmarks/qsort_mt,14,27,51,9562
/workdir/PERIOD/evaluation/Inspect_benchmarks/qsort_mt,15,28,55,10690
/workdir/PERIOD/evaluation/Inspect_benchmarks/qsort_mt,16,27,44,9561
/workdir/PERIOD/evaluation/Inspect_benchmarks/qsort_mt,17,27,43,9561
/workdir/PERIOD/evaluation/Inspect_benchmarks/qsort_mt,18,27,40,8645
/workdir/PERIOD/evaluation/Inspect_benchmarks/qsort_mt,19,27,41,8645
/workdir/PERIOD/evaluation/Inspect_benchmarks/boundedBuffer,0,-1,0,0
/workdir/PERIOD/evaluation/Inspect_benchmarks/boundedBuffer,1,4,905,7366
/workdir/PERIOD/evaluation/Inspect_benchmarks/boundedBuffer,2,3,892,6502
/workdir/PERIOD/evaluation/Inspect_benchmarks/boundedBuffer,3,5,946,7303
/workdir/PERIOD/evaluation/Inspect_benchmarks/boundedBuffer,4,7,888,6786
/workdir/PERIOD/evaluation/Inspect_benchmarks/boundedBuffer,5,6,917,6600
/workdir/PERIOD/evaluation/Inspect_benchmarks/boundedBuffer,6,2,855,6159
/workdir/PERIOD/evaluation/Inspect_benchmarks/boundedBuffer,7,24,871,5986
/workdir/PERIOD/evaluation/Inspect_benchmarks/boundedBuffer,8,6,1047,7354
/workdir/PERIOD/evaluation/Inspect_benchmarks/boundedBuffer,9,13,957,7229
/workdir/PERIOD/evaluation/Inspect_benchmarks/boundedBuffer,10,-1,0,0
/workdir/PERIOD/evaluation/Inspect_benchmarks/boundedBuffer,11,2,930,6618
/workdir/PERIOD/evaluation/Inspect_benchmarks/boundedBuffer,12,-1,0,0
/workdir/PERIOD/evaluation/Inspect_benchmarks/boundedBuffer,13,1,965,7199
/workdir/PERIOD/evaluation/Inspect_benchmarks/boundedBuffer,14,13,892,7100
/workdir/PERIOD/evaluation/Inspect_benchmarks/boundedBuffer,15,1,880,6347
/workdir/PERIOD/evaluation/Inspect_benchmarks/boundedBuffer,16,-1,0,0
/workdir/PERIOD/evaluation/Inspect_benchmarks/boundedBuffer,17,3,1116,7859
/workdir/PERIOD/evaluation/Inspect_benchmarks/boundedBuffer,18,13,340,2164
/workdir/PERIOD/evaluation/Inspect_benchmarks/boundedBuffer,19,21,815,5794
/workdir/PERIOD/evaluation/SafeStack,0,-1,0,135
/workdir/PERIOD/evaluation/SafeStack,1,-1,0,135
/workdir/PERIOD/evaluation/SafeStack,2,-1,0,135
/workdir/PERIOD/evaluation/SafeStack,3,-1,0,135
/workdir/PERIOD/evaluation/SafeStack,4,-1,0,135
/workdir/PERIOD/evaluation/SafeStack,5,-1,0,135
/workdir/PERIOD/evaluation/SafeStack,6,-1,0,135
/workdir/PERIOD/evaluation/SafeStack,7,-1,0,135
/workdir/PERIOD/evaluation/SafeStack,8,-1,0,135
/workdir/PERIOD/evaluation/SafeStack,9,-1,0,135
/workdir/PERIOD/evaluation/SafeStack,10,-1,0,135
/workdir/PERIOD/evaluation/SafeStack,11,-1,0,135
/workdir/PERIOD/evaluation/SafeStack,12,-1,0,135
/workdir/PERIOD/evaluation/SafeStack,13,-1,0,135
/workdir/PERIOD/evaluation/SafeStack,14,-1,0,135
/workdir/PERIOD/evaluation/SafeStack,15,-1,0,135
/workdir/PERIOD/evaluation/SafeStack,16,-1,0,135
/workdir/PERIOD/evaluation/SafeStack,17,-1,0,135
/workdir/PERIOD/evaluation/SafeStack,18,-1,0,135
/workdir/PERIOD/evaluation/SafeStack,19,-1,0,135
/workdir/PERIOD/evaluation/Chess/InterlockedWorkStealQueue,0,57,7,82
/workdir/PERIOD/evaluation/Chess/InterlockedWorkStealQueue,1,57,7,82
/workdir/PERIOD/evaluation/Chess/InterlockedWorkStealQueue,2,57,7,82
/workdir/PERIOD/evaluation/Chess/InterlockedWorkStealQueue,3,57,7,82
/workdir/PERIOD/evaluation/Chess/InterlockedWorkStealQueue,4,57,7,82
/workdir/PERIOD/evaluation/Chess/InterlockedWorkStealQueue,5,57,7,82
/workdir/PERIOD/evaluation/Chess/InterlockedWorkStealQueue,6,57,7,82
/workdir/PERIOD/evaluation/Chess/InterlockedWorkStealQueue,7,57,7,82
/workdir/PERIOD/evaluation/Chess/InterlockedWorkStealQueue,8,57,7,82
/workdir/PERIOD/evaluation/Chess/InterlockedWorkStealQueue,9,57,7,82
/workdir/PERIOD/evaluation/Chess/InterlockedWorkStealQueue,10,57,7,82
/workdir/PERIOD/evaluation/Chess/InterlockedWorkStealQueue,11,57,7,82
/workdir/PERIOD/evaluation/Chess/InterlockedWorkStealQueue,12,57,7,82
/workdir/PERIOD/evaluation/Chess/InterlockedWorkStealQueue,13,57,7,82
/workdir/PERIOD/evaluation/Chess/InterlockedWorkStealQueue,14,57,7,82
/workdir/PERIOD/evaluation/Chess/InterlockedWorkStealQueue,15,57,7,82
/workdir/PERIOD/evaluation/Chess/InterlockedWorkStealQueue,16,57,7,82
/workdir/PERIOD/evaluation/Chess/InterlockedWorkStealQueue,17,57,7,82
/workdir/PERIOD/evaluation/Chess/InterlockedWorkStealQueue,18,57,7,82
/workdir/PERIOD/evaluation/Chess/InterlockedWorkStealQueue,19,57,7,82
/workdir/PERIOD/evaluation/Chess/WorkStealQueue,0,57,7,81
/workdir/PERIOD/evaluation/Chess/WorkStealQueue,1,57,7,81
/workdir/PERIOD/evaluation/Chess/WorkStealQueue,2,57,7,81
/workdir/PERIOD/evaluation/Chess/WorkStealQueue,3,57,7,81
/workdir/PERIOD/evaluation/Chess/WorkStealQueue,4,57,7,81
/workdir/PERIOD/evaluation/Chess/WorkStealQueue,5,57,7,81
/workdir/PERIOD/evaluation/Chess/WorkStealQueue,6,57,7,81
/workdir/PERIOD/evaluation/Chess/WorkStealQueue,7,57,7,81
/workdir/PERIOD/evaluation/Chess/WorkStealQueue,8,57,7,81
/workdir/PERIOD/evaluation/Chess/WorkStealQueue,9,57,7,81
/workdir/PERIOD/evaluation/Chess/WorkStealQueue,10,57,7,81
/workdir/PERIOD/evaluation/Chess/WorkStealQueue,11,57,7,81
/workdir/PERIOD/evaluation/Chess/WorkStealQueue,12,57,7,81
/workdir/PERIOD/evaluation/Chess/WorkStealQueue,13,57,7,81
/workdir/PERIOD/evaluation/Chess/WorkStealQueue,14,57,7,81
/workdir/PERIOD/evaluation/Chess/WorkStealQueue,15,57,7,81
/workdir/PERIOD/evaluation/Chess/WorkStealQueue,16,57,7,81
/workdir/PERIOD/evaluation/Chess/WorkStealQueue,17,57,7,81
/workdir/PERIOD/evaluation/Chess/WorkStealQueue,18,57,7,81
/workdir/PERIOD/evaluation/Chess/WorkStealQueue,19,57,7,81
/workdir/PERIOD/evaluation/Chess/StateWorkStealQueue,0,165,25,1869
/workdir/PERIOD/evaluation/Chess/StateWorkStealQueue,1,333,24,1891
/workdir/PERIOD/evaluation/Chess/StateWorkStealQueue,2,333,24,1911
/workdir/PERIOD/evaluation/Chess/StateWorkStealQueue,3,3,26,1868
/workdir/PERIOD/evaluation/Chess/StateWorkStealQueue,4,332,24,1650
/workdir/PERIOD/evaluation/Chess/StateWorkStealQueue,5,333,24,1911
/workdir/PERIOD/evaluation/Chess/StateWorkStealQueue,6,333,24,1611
/workdir/PERIOD/evaluation/Chess/StateWorkStealQueue,7,164,25,1568
/workdir/PERIOD/evaluation/Chess/StateWorkStealQueue,8,333,24,1891
/workdir/PERIOD/evaluation/Chess/StateWorkStealQueue,9,332,24,1890
/workdir/PERIOD/evaluation/Chess/StateWorkStealQueue,10,164,25,1888
/workdir/PERIOD/evaluation/Chess/StateWorkStealQueue,11,333,24,1651
/workdir/PERIOD/evaluation/Chess/StateWorkStealQueue,12,333,24,1871
/workdir/PERIOD/evaluation/Chess/StateWorkStealQueue,13,333,24,1851
/workdir/PERIOD/evaluation/Chess/StateWorkStealQueue,14,333,24,1691
/workdir/PERIOD/evaluation/Chess/StateWorkStealQueue,15,164,25,1548
/workdir/PERIOD/evaluation/Chess/StateWorkStealQueue,16,163,25,1427
/workdir/PERIOD/evaluation/Chess/StateWorkStealQueue,17,167,25,1689
/workdir/PERIOD/evaluation/Chess/StateWorkStealQueue,18,164,25,1888
/workdir/PERIOD/evaluation/Chess/StateWorkStealQueue,19,165,25,1869
/workdir/PERIOD/evaluation/Chess/InterlockedWorkStealQueueWithState,0,154,25,1850
/workdir/PERIOD/evaluation/Chess/InterlockedWorkStealQueueWithState,1,307,24,1639
/workdir/PERIOD/evaluation/Chess/InterlockedWorkStealQueueWithState,2,151,25,1364
/workdir/PERIOD/evaluation/Chess/InterlockedWorkStealQueueWithState,3,309,24,1850
/workdir/PERIOD/evaluation/Chess/InterlockedWorkStealQueueWithState,4,154,25,1871
/workdir/PERIOD/evaluation/Chess/InterlockedWorkStealQueueWithState,5,310,24,1997
/workdir/PERIOD/evaluation/Chess/InterlockedWorkStealQueueWithState,6,308,24,1470
/workdir/PERIOD/evaluation/Chess/InterlockedWorkStealQueueWithState,7,310,24,2039
/workdir/PERIOD/evaluation/Chess/InterlockedWorkStealQueueWithState,8,151,25,1679
/workdir/PERIOD/evaluation/Chess/InterlockedWorkStealQueueWithState,9,154,26,2017
/workdir/PERIOD/evaluation/Chess/InterlockedWorkStealQueueWithState,10,309,24,1723
/workdir/PERIOD/evaluation/Chess/InterlockedWorkStealQueueWithState,11,153,25,1618
/workdir/PERIOD/evaluation/Chess/InterlockedWorkStealQueueWithState,12,154,25,2018
/workdir/PERIOD/evaluation/Chess/InterlockedWorkStealQueueWithState,13,311,24,2041
/workdir/PERIOD/evaluation/Chess/InterlockedWorkStealQueueWithState,14,155,25,1956
/workdir/PERIOD/evaluation/Chess/InterlockedWorkStealQueueWithState,15,154,25,1997
/workdir/PERIOD/evaluation/Chess/InterlockedWorkStealQueueWithState,16,154,25,1997
/workdir/PERIOD/evaluation/Chess/InterlockedWorkStealQueueWithState,17,154,25,2081
/workdir/PERIOD/evaluation/Chess/InterlockedWorkStealQueueWithState,18,310,24,2018
/workdir/PERIOD/evaluation/Chess/InterlockedWorkStealQueueWithState,19,309,24,1619
